{
  "Ansi 5 Color" : {
    "Red Component" : 0.78039216995239258,
    "Color Space" : "sRGB",
    "Blue Component" : 0.91764706373214722,
    "Alpha Component" : 1,
    "Green Component" : 0.57254904508590698
  },
  "Tags" : [

  ],
  "Ansi 12 Color" : {
    "Red Component" : 0.11372549086809158,
    "Color Space" : "sRGB",
    "Blue Component" : 0.88627451658248901,
    "Alpha Component" : 1,
    "Green Component" : 0.62745100259780884
  },
  "Use Non-ASCII Font" : true,
  "Draw Powerline Glyphs" : true,
  "Bold Color" : {
    "Red Component" : 0.76818817853927612,
    "Color Space" : "sRGB",
    "Blue Component" : 1,
    "Alpha Component" : 1,
    "Green Component" : 0.78975206613540649
  },
  "Ansi 7 Color" : {
    "Red Component" : 0.97254902124404907,
    "Color Space" : "sRGB",
    "Blue Component" : 0.94901961088180542,
    "Alpha Component" : 1,
    "Green Component" : 0.97254902124404907
  },
  "Ansi 8 Color" : {
    "Red Component" : 0.34509804844856262,
    "Color Space" : "sRGB",
    "Blue Component" : 0.45098039507865906,
    "Alpha Component" : 1,
    "Green Component" : 0.32156863808631897
  },
  "Ansi 9 Color" : {
    "Red Component" : 0.94117647409439087,
    "Color Space" : "sRGB",
    "Blue Component" : 0.43137255311012268,
    "Alpha Component" : 1,
    "Green Component" : 0.18039216101169586
  },
  "Rows" : 25,
  "Default Bookmark" : "No",
  "Ansi 6 Color" : {
    "Red Component" : 0.52941179275512695,
    "Color Space" : "sRGB",
    "Blue Component" : 0.92156863212585449,
    "Alpha Component" : 1,
    "Green Component" : 0.87450981140136719
  },
  "Link Color" : {
    "Red Component" : 0.93725490570068359,
    "Color Space" : "sRGB",
    "Blue Component" : 0.63137257099151611,
    "Alpha Component" : 1,
    "Green Component" : 0.90588235855102539
  },
  "Cursor Guide Color" : {
    "Red Component" : 1,
    "Color Space" : "sRGB",
    "Blue Component" : 1,
    "Alpha Component" : 0.047881155303030304,
    "Green Component" : 1
  },
  "Non-ASCII Anti Aliased" : true,
  "Use Bright Bold" : true,
  "Ansi 10 Color" : {
    "Red Component" : 0.17254902422428131,
    "Color Space" : "sRGB",
    "Blue Component" : 0.57254904508590698,
    "Alpha Component" : 1,
    "Green Component" : 0.89803922176361084
  },
  "Ambiguous Double Width" : false,
  "Jobs to Ignore" : [
    "rlogin",
    "ssh",
    "slogin",
    "telnet"
  ],
  "Ansi 15 Color" : {
    "Red Component" : 0.65098041296005249,
    "Color Space" : "sRGB",
    "Blue Component" : 0.80000001192092896,
    "Alpha Component" : 1,
    "Green Component" : 0.70196080207824707
  },
  "Foreground Color" : {
    "Red Component" : 0.93333333730697632,
    "Color Space" : "sRGB",
    "Blue Component" : 1,
    "Alpha Component" : 1,
    "Green Component" : 1
  },
  "Working Directory" : "\/Users\/cameronrasico",
  "Blinking Cursor" : false,
  "Space" : 0,
  "Sync Title" : false,
  "Prompt Before Closing 2" : false,
  "BM Growl" : true,
  "Mouse Reporting" : true,
  "Command" : "",
  "Description" : "Default",
  "Disable Window Resizing" : true,
  "Screen" : -1,
  "Selection Color" : {
    "Red Component" : 0.9843137264251709,
    "Color Space" : "sRGB",
    "Blue Component" : 0.98823529481887817,
    "Alpha Component" : 1,
    "Green Component" : 0.98823529481887817
  },
  "Initial Use Transparency" : true,
  "Only The Default BG Color Uses Transparency" : true,
  "Columns" : 300,
  "Idle Code" : 0,
  "Ansi 13 Color" : {
    "Red Component" : 0.65490198135375977,
    "Color Space" : "sRGB",
    "Blue Component" : 0.91764706373214722,
    "Alpha Component" : 1,
    "Green Component" : 0.25882354378700256
  },
  "Custom Command" : "No",
  "ASCII Anti Aliased" : true,
  "Non Ascii Font" : "DejaVuSansMonoNerdFontComplete-Book 12",
  "Vertical Spacing" : 1,
  "Use Bold Font" : true,
  "Option Key Sends" : 0,
  "Selected Text Color" : {
    "Red Component" : 0.11764705926179886,
    "Color Space" : "sRGB",
    "Blue Component" : 0.19215686619281769,
    "Alpha Component" : 1,
    "Green Component" : 0.10980392247438431
  },
  "Background Color" : {
    "Red Component" : 0.11764705926179886,
    "Color Space" : "sRGB",
    "Blue Component" : 0.19215686619281769,
    "Alpha Component" : 1,
    "Green Component" : 0.10980392247438431
  },
  "Character Encoding" : 4,
  "Ansi 11 Color" : {
    "Red Component" : 1,
    "Color Space" : "sRGB",
    "Blue Component" : 0.47058823704719543,
    "Alpha Component" : 1,
    "Green Component" : 0.70196080207824707
  },
  "Non-ASCII Ligatures" : true,
  "Use Italic Font" : true,
  "Unlimited Scrollback" : false,
  "Keyboard Map" : {
    "0xf700-0x260000" : {
      "Action" : 10,
      "Text" : "[1;6A"
    },
    "0x37-0x40000" : {
      "Action" : 11,
      "Text" : "0x1f"
    },
    "0x32-0x40000" : {
      "Action" : 11,
      "Text" : "0x00"
    },
    "0xf709-0x20000" : {
      "Action" : 10,
      "Text" : "[17;2~"
    },
    "0xf70c-0x20000" : {
      "Action" : 10,
      "Text" : "[20;2~"
    },
    "0xf729-0x20000" : {
      "Action" : 10,
      "Text" : "[1;2H"
    },
    "0xf72b-0x40000" : {
      "Action" : 10,
      "Text" : "[1;5F"
    },
    "0xf705-0x20000" : {
      "Action" : 10,
      "Text" : "[1;2Q"
    },
    "0xf703-0x260000" : {
      "Action" : 10,
      "Text" : "[1;6C"
    },
    "0xf700-0x220000" : {
      "Action" : 10,
      "Text" : "[1;2A"
    },
    "0xf701-0x280000" : {
      "Action" : 11,
      "Text" : "0x1b 0x1b 0x5b 0x42"
    },
    "0x38-0x40000" : {
      "Action" : 11,
      "Text" : "0x7f"
    },
    "0x33-0x40000" : {
      "Action" : 11,
      "Text" : "0x1b"
    },
    "0xf703-0x220000" : {
      "Action" : 10,
      "Text" : "[1;2C"
    },
    "0xf701-0x240000" : {
      "Action" : 10,
      "Text" : "[1;5B"
    },
    "0xf70d-0x20000" : {
      "Action" : 10,
      "Text" : "[21;2~"
    },
    "0xf702-0x260000" : {
      "Action" : 10,
      "Text" : "[1;6D"
    },
    "0xf729-0x40000" : {
      "Action" : 10,
      "Text" : "[1;5H"
    },
    "0xf706-0x20000" : {
      "Action" : 10,
      "Text" : "[1;2R"
    },
    "0x34-0x40000" : {
      "Action" : 11,
      "Text" : "0x1c"
    },
    "0xf700-0x280000" : {
      "Action" : 11,
      "Text" : "0x1b 0x1b 0x5b 0x41"
    },
    "0x2d-0x40000" : {
      "Action" : 11,
      "Text" : "0x1f"
    },
    "0xf70e-0x20000" : {
      "Action" : 10,
      "Text" : "[23;2~"
    },
    "0xf702-0x220000" : {
      "Action" : 10,
      "Text" : "[1;2D"
    },
    "0xf703-0x280000" : {
      "Action" : 11,
      "Text" : "0x1b 0x1b 0x5b 0x43"
    },
    "0xf700-0x240000" : {
      "Action" : 10,
      "Text" : "[1;5A"
    },
    "0xf707-0x20000" : {
      "Action" : 10,
      "Text" : "[1;2S"
    },
    "0xf70a-0x20000" : {
      "Action" : 10,
      "Text" : "[18;2~"
    },
    "0x35-0x40000" : {
      "Action" : 11,
      "Text" : "0x1d"
    },
    "0xf70f-0x20000" : {
      "Action" : 10,
      "Text" : "[24;2~"
    },
    "0xf703-0x240000" : {
      "Action" : 10,
      "Text" : "[1;5C"
    },
    "0xf701-0x260000" : {
      "Action" : 10,
      "Text" : "[1;6B"
    },
    "0xf702-0x280000" : {
      "Action" : 11,
      "Text" : "0x1b 0x1b 0x5b 0x44"
    },
    "0xf72b-0x20000" : {
      "Action" : 10,
      "Text" : "[1;2F"
    },
    "0x36-0x40000" : {
      "Action" : 11,
      "Text" : "0x1e"
    },
    "0xf708-0x20000" : {
      "Action" : 10,
      "Text" : "[15;2~"
    },
    "0xf701-0x220000" : {
      "Action" : 10,
      "Text" : "[1;2B"
    },
    "0xf70b-0x20000" : {
      "Action" : 10,
      "Text" : "[19;2~"
    },
    "0xf702-0x240000" : {
      "Action" : 10,
      "Text" : "[1;5D"
    },
    "0xf704-0x20000" : {
      "Action" : 10,
      "Text" : "[1;2P"
    }
  },
  "Window Type" : 7,
  "Background Image Location" : "",
  "Blur" : false,
  "Badge Color" : {
    "Red Component" : 0.80784314870834351,
    "Color Space" : "sRGB",
    "Blue Component" : 0.4117647111415863,
    "Alpha Component" : 0.5,
    "Green Component" : 0.20392157137393951
  },